"admin3","admin3_name","hdx_pcode"
"05001","MEDELLIN","COL-05001"
"05002","ABEJORRAL","COL-05002"
"05004","ABRIAQUI","COL-05004"
"05021","ALEJANDRIA","COL-05021"
"05030","AMAGA","COL-05030"
"05031","AMALFI","COL-05031"
"05034","ANDES","COL-05034"
"05036","ANGELOPOLIS","COL-05036"
"05038","ANGOSTURA","COL-05038"
"05040","ANORI","COL-05040"
"05042","SANTAFE DE ANTIOQUIA","COL-05042"
"05044","ANZA","COL-05044"
"05045","APARTADO","COL-05045"
"05051","ARBOLETES","COL-05051"
"05055","ARGELIA","COL-05055"
"05059","ARMENIA","COL-05059"
"05079","BARBOSA","COL-05079"
"05086","BELMIRA","COL-05086"
"05088","BELLO","COL-05088"
"05091","BETANIA","COL-05091"
"05093","BETULIA","COL-05093"
"05101","CIUDAD BOLIVAR","COL-05101"
"05107","BRICEÑO","COL-05107"
"05113","BURITICA","COL-05113"
"05120","CACERES","COL-05120"
"05125","CAICEDO","COL-05125"
"05129","CALDAS","COL-05129"
"05134","CAMPAMENTO","COL-05134"
"05138","CAÑASGORDAS","COL-05138"
"05142","CARACOLI","COL-05142"
"05145","CARAMANTA","COL-05145"
"05147","CAREPA","COL-05147"
"05148","CARMEN DE VIBORAL","COL-05148"
"05150","CAROLINA","COL-05150"
"05154","CAUCASIA","COL-05154"
"05172","CHIGORODO","COL-05172"
"05190","CISNEROS","COL-05190"
"05197","COCORNA","COL-05197"
"05206","CONCEPCION","COL-05206"
"05209","CONCORDIA","COL-05209"
"05212","COPACABANA","COL-05212"
"05234","DABEIBA","COL-05234"
"05237","DON MATIAS","COL-05237"
"05240","EBEJICO","COL-05240"
"05250","EL BAGRE","COL-05250"
"05264","ENTRERRIOS","COL-05264"
"05266","ENVIGADO","COL-05266"
"05282","FREDONIA","COL-05282"
"05284","FRONTINO","COL-05284"
"05306","GIRALDO","COL-05306"
"05308","GIRARDOTA","COL-05308"
"05310","GOMEZ PLATA","COL-05310"
"05313","GRANADA","COL-05313"
"05315","GUADALUPE","COL-05315"
"05318","GUARNE","COL-05318"
"05321","GUATAPE","COL-05321"
"05347","HELICONIA","COL-05347"
"05353","HISPANIA","COL-05353"
"05360","ITAGUI","COL-05360"
"05361","ITUANGO","COL-05361"
"05364","JARDIN","COL-05364"
"05368","JERICO","COL-05368"
"05376","LA CEJA","COL-05376"
"05380","LA ESTRELLA","COL-05380"
"05390","LA PINTADA","COL-05390"
"05400","LA UNION","COL-05400"
"05411","LIBORINA","COL-05411"
"05425","MACEO","COL-05425"
"05440","MARINILLA","COL-05440"
"05467","MONTEBELLO","COL-05467"
"05475","MURINDO","COL-05475"
"05480","MUTATA","COL-05480"
"05483","NARIÑO","COL-05483"
"05490","NECOCLI","COL-05490"
"05495","NECHI","COL-05495"
"05501","OLAYA","COL-05501"
"05541","PEÑOL","COL-05541"
"05543","PEQUE","COL-05543"
"05576","PUEBLORRICO","COL-05576"
"05579","PUERTO BERRIO","COL-05579"
"05585","PUERTO NARE","COL-05585"
"05591","PUERTO TRIUNFO","COL-05591"
"05604","REMEDIOS","COL-05604"
"05607","RETIRO","COL-05607"
"05615","RIONEGRO","COL-05615"
"05628","SABANALARGA","COL-05628"
"05631","SABANETA","COL-05631"
"05642","SALGAR","COL-05642"
"05647","SAN ANDRES","COL-05647"
"05649","SAN CARLOS","COL-05649"
"05652","SAN FRANCISCO","COL-05652"
"05656","SAN JERONIMO","COL-05656"
"05658","SAN JOSE DE LA MONTAÑA","COL-05658"
"05659","SAN JUAN DE URABA","COL-05659"
"05660","SAN LUIS","COL-05660"
"05664","SAN PEDRO","COL-05664"
"05665","SAN PEDRO DE URABA","COL-05665"
"05667","SAN RAFAEL","COL-05667"
"05670","SAN ROQUE","COL-05670"
"05674","SAN VICENTE","COL-05674"
"05679","SANTA BARBARA","COL-05679"
"05686","SANTA ROSA DE OSOS","COL-05686"
"05690","SANTO DOMINGO","COL-05690"
"05697","SANTUARIO","COL-05697"
"05736","SEGOVIA","COL-05736"
"05756","SONSON","COL-05756"
"05761","SOPETRAN","COL-05761"
"05789","TAMESIS","COL-05789"
"05790","TARAZA","COL-05790"
"05792","TARSO","COL-05792"
"05809","TITIRIBI","COL-05809"
"05819","TOLEDO","COL-05819"
"05837","TURBO","COL-05837"
"05842","URAMITA","COL-05842"
"05847","URRAO","COL-05847"
"05854","VALDIVIA","COL-05854"
"05856","VALPARAISO","COL-05856"
"05858","VEGACHI","COL-05858"
"05861","VENECIA","COL-05861"
"05873","VIGIA DEL FUERTE","COL-05873"
"05885","YALI","COL-05885"
"05887","YARUMAL","COL-05887"
"05890","YOLOMBO","COL-05890"
"05893","YONDO","COL-05893"
"05895","ZARAGOZA","COL-05895"
"08001","BARRANQUILLA","COL-08001"
"08078","BARANOA","COL-08078"
"08137","CAMPO DE LA CRUZ","COL-08137"
"08141","CANDELARIA","COL-08141"
"08296","GALAPA","COL-08296"
"08372","JUAN DE ACOSTA","COL-08372"
"08421","LURUACO","COL-08421"
"08433","MALAMBO","COL-08433"
"08436","MANATI","COL-08436"
"08520","PALMAR DE VARELA","COL-08520"
"08549","PIOJO","COL-08549"
"08558","POLONUEVO","COL-08558"
"08560","PONEDERA","COL-08560"
"08573","PUERTO COLOMBIA","COL-08573"
"08606","REPELON","COL-08606"
"08634","SABANAGRANDE","COL-08634"
"08638","SABANALARGA","COL-08638"
"08675","SANTA LUCIA","COL-08675"
"08685","SANTO TOMAS","COL-08685"
"08758","SOLEDAD","COL-08758"
"08770","SUAN","COL-08770"
"08832","TUBARA","COL-08832"
"08849","USIACURI","COL-08849"
"11001","BOGOTA D.C.","COL-11001"
"13001","CARTAGENA","COL-13001"
"13006","ACHI","COL-13006"
"13030","ALTOS DEL ROSARIO","COL-13030"
"13042","ARENAL","COL-13042"
"13052","ARJONA","COL-13052"
"13062","ARROYOHONDO","COL-13062"
"13074","BARRANCO DE LOBA","COL-13074"
"13140","CALAMAR","COL-13140"
"13160","CANTAGALLO","COL-13160"
"13188","CICUCO","COL-13188"
"13212","CORDOBA","COL-13212"
"13222","CLEMENCIA","COL-13222"
"13244","EL CARMEN DE BOLIVAR","COL-13244"
"13248","EL GUAMO","COL-13248"
"13268","EL PEÑON","COL-13268"
"13300","HATILLO DE LOBA","COL-13300"
"13430","MAGANGUE","COL-13430"
"13433","MAHATES","COL-13433"
"13440","MARGARITA","COL-13440"
"13442","MARIA LA BAJA","COL-13442"
"13458","MONTECRISTO","COL-13458"
"13468","MOMPOS","COL-13468"
"13473","MORALES","COL-13473"
"13490","NOROSI","COL-13490"
"13549","PINILLOS","COL-13549"
"13580","REGIDOR","COL-13580"
"13600","RIO VIEJO","COL-13600"
"13620","SAN CRISTOBAL","COL-13620"
"13647","SAN ESTANISLAO","COL-13647"
"13650","SAN FERNANDO","COL-13650"
"13654","SAN JACINTO","COL-13654"
"13655","SAN JACINTO DEL CAUCA","COL-13655"
"13657","SAN JUAN NEPOMUCENO","COL-13657"
"13667","SAN MARTIN DE LOBA","COL-13667"
"13670","SAN PABLO","COL-13670"
"13673","SANTA CATALINA","COL-13673"
"13683","SANTA ROSA","COL-13683"
"13688","SANTA ROSA DEL SUR","COL-13688"
"13744","SIMITI","COL-13744"
"13760","SOPLAVIENTO","COL-13760"
"13780","TALAIGUA NUEVO","COL-13780"
"13810","TIQUISIO","COL-13810"
"13836","TURBACO","COL-13836"
"13838","TURBANA","COL-13838"
"13873","VILLANUEVA","COL-13873"
"13894","ZAMBRANO","COL-13894"
"15001","TUNJA","COL-15001"
"15022","ALMEIDA","COL-15022"
"15047","AQUITANIA","COL-15047"
"15051","ARCABUCO","COL-15051"
"15087","BELEN","COL-15087"
"15090","BERBEO","COL-15090"
"15092","BETEITIVA","COL-15092"
"15097","BOAVITA","COL-15097"
"15104","BOYACA","COL-15104"
"15106","BRICEÑO","COL-15106"
"15109","BUENAVISTA","COL-15109"
"15114","BUSBANZA","COL-15114"
"15131","CALDAS","COL-15131"
"15135","CAMPOHERMOSO","COL-15135"
"15162","CERINZA","COL-15162"
"15172","CHINAVITA","COL-15172"
"15176","CHIQUINQUIRA","COL-15176"
"15180","CHISCAS","COL-15180"
"15183","CHITA","COL-15183"
"15185","CHITARAQUE","COL-15185"
"15187","CHIVATA","COL-15187"
"15189","CIENEGA","COL-15189"
"15204","COMBITA","COL-15204"
"15212","COPER","COL-15212"
"15215","CORRALES","COL-15215"
"15218","COVARACHIA","COL-15218"
"15223","CUBARA","COL-15223"
"15224","CUCAITA","COL-15224"
"15226","CUITIVA","COL-15226"
"15232","CHIQUIZA","COL-15232"
"15236","CHIVOR","COL-15236"
"15238","DUITAMA","COL-15238"
"15244","EL COCUY","COL-15244"
"15248","EL ESPINO","COL-15248"
"15272","FIRAVITOBA","COL-15272"
"15276","FLORESTA","COL-15276"
"15293","GACHANTIVA","COL-15293"
"15296","GAMEZA","COL-15296"
"15299","GARAGOA","COL-15299"
"15317","GUACAMAYAS","COL-15317"
"15322","GUATEQUE","COL-15322"
"15325","GUAYATA","COL-15325"
"15332","GUICAN","COL-15332"
"15362","IZA","COL-15362"
"15367","JENESANO","COL-15367"
"15368","JERICO","COL-15368"
"15377","LABRANZAGRANDE","COL-15377"
"15380","LA CAPILLA","COL-15380"
"15401","LA VICTORIA","COL-15401"
"15403","LA UVITA","COL-15403"
"15407","VILLA DE LEYVA","COL-15407"
"15425","MACANAL","COL-15425"
"15442","MARIPI","COL-15442"
"15455","MIRAFLORES","COL-15455"
"15464","MONGUA","COL-15464"
"15466","MONGUI","COL-15466"
"15469","MONIQUIRA","COL-15469"
"15476","MOTAVITA","COL-15476"
"15480","MUZO","COL-15480"
"15491","NOBSA","COL-15491"
"15494","NUEVO COLON","COL-15494"
"15500","OICATA","COL-15500"
"15507","OTANCHE","COL-15507"
"15511","PACHAVITA","COL-15511"
"15514","PAEZ","COL-15514"
"15516","PAIPA","COL-15516"
"15518","PAJARITO","COL-15518"
"15522","PANQUEBA","COL-15522"
"15531","PAUNA","COL-15531"
"15533","PAYA","COL-15533"
"15537","PAZ DE RIO","COL-15537"
"15542","PESCA","COL-15542"
"15550","PISBA","COL-15550"
"15572","PUERTO BOYACA","COL-15572"
"15580","QUIPAMA","COL-15580"
"15599","RAMIRIQUI","COL-15599"
"15600","RAQUIRA","COL-15600"
"15621","RONDON","COL-15621"
"15632","SABOYA","COL-15632"
"15638","SACHICA","COL-15638"
"15646","SAMACA","COL-15646"
"15660","SAN EDUARDO","COL-15660"
"15664","SAN JOSE DE PARE","COL-15664"
"15667","SAN LUIS DE GACENO","COL-15667"
"15673","SAN MATEO","COL-15673"
"15676","SAN MIGUEL DE SEMA","COL-15676"
"15681","SAN PABLO BORBUR","COL-15681"
"15686","SANTANA","COL-15686"
"15690","SANTA MARIA","COL-15690"
"15693","SAN ROSA VITERBO","COL-15693"
"15696","SANTA SOFIA","COL-15696"
"15720","SATIVANORTE","COL-15720"
"15723","SATIVASUR","COL-15723"
"15740","SIACHOQUE","COL-15740"
"15753","SOATA","COL-15753"
"15755","SOCOTA","COL-15755"
"15757","SOCHA","COL-15757"
"15759","SOGAMOSO","COL-15759"
"15761","SOMONDOCO","COL-15761"
"15762","SORA","COL-15762"
"15763","SOTAQUIRA","COL-15763"
"15764","SORACA","COL-15764"
"15774","SUSACON","COL-15774"
"15776","SUTAMARCHAN","COL-15776"
"15778","SUTATENZA","COL-15778"
"15790","TASCO","COL-15790"
"15798","TENZA","COL-15798"
"15804","TIBANA","COL-15804"
"15806","TIBASOSA","COL-15806"
"15808","TINJACA","COL-15808"
"15810","TIPACOQUE","COL-15810"
"15814","TOCA","COL-15814"
"15816","TOGUI","COL-15816"
"15820","TOPAGA","COL-15820"
"15822","TOTA","COL-15822"
"15832","TUNUNGUA","COL-15832"
"15835","TURMEQUE","COL-15835"
"15837","TUTA","COL-15837"
"15839","TUTAZA","COL-15839"
"15842","UMBITA","COL-15842"
"15861","VENTAQUEMADA","COL-15861"
"15879","VIRACACHA","COL-15879"
"15897","ZETAQUIRA","COL-15897"
"17001","MANIZALES","COL-17001"
"17013","AGUADAS","COL-17013"
"17042","ANSERMA","COL-17042"
"17050","ARANZAZU","COL-17050"
"17088","BELALCAZAR","COL-17088"
"17174","CHINCHINA","COL-17174"
"17272","FILADELFIA","COL-17272"
"17380","LA DORADA","COL-17380"
"17388","LA MERCED","COL-17388"
"17433","MANZANARES","COL-17433"
"17442","MARMATO","COL-17442"
"17444","MARQUETALIA","COL-17444"
"17446","MARULANDA","COL-17446"
"17486","NEIRA","COL-17486"
"17495","NORCASIA","COL-17495"
"17513","PACORA","COL-17513"
"17524","PALESTINA","COL-17524"
"17541","PENSILVANIA","COL-17541"
"17614","RIOSUCIO","COL-17614"
"17616","RISARALDA","COL-17616"
"17653","SALAMINA","COL-17653"
"17662","SAMANA","COL-17662"
"17665","SAN JOSE","COL-17665"
"17777","SUPIA","COL-17777"
"17867","VICTORIA","COL-17867"
"17873","VILLAMARIA","COL-17873"
"17877","VITERBO","COL-17877"
"18001","FLORENCIA","COL-18001"
"18029","ALBANIA","COL-18029"
"18094","BELEN DE LOS ANDAQUIES","COL-18094"
"18150","CARTAGENA DEL CHAIRA","COL-18150"
"18205","CURRILLO","COL-18205"
"18247","EL DONCELLO","COL-18247"
"18256","EL PAUJIL","COL-18256"
"18410","LA MONTAÑITA","COL-18410"
"18460","MILAN","COL-18460"
"18479","MORELIA","COL-18479"
"18592","PUERTO RICO","COL-18592"
"18610","SAN JOSE DEL FRAGUA","COL-18610"
"18753","SAN VICENTE DEL CAGUAN","COL-18753"
"18756","SOLANO","COL-18756"
"18785","SOLITA","COL-18785"
"18860","VALPARAISO","COL-18860"
"19001","POPAYAN","COL-19001"
"19022","ALMAGUER","COL-19022"
"19050","ARGELIA","COL-19050"
"19075","BALBOA","COL-19075"
"19100","BOLIVAR","COL-19100"
"19110","BUENOS AIRES","COL-19110"
"19130","CAJIBIO","COL-19130"
"19137","CALDONO","COL-19137"
"19142","CALOTO","COL-19142"
"19212","CORINTO","COL-19212"
"19256","EL TAMBO","COL-19256"
"19290","FLORENCIA","COL-19290"
"19300","GUACHENE","COL-19300"
"19318","GUAPI","COL-19318"
"19355","INZA","COL-19355"
"19364","JAMBALO","COL-19364"
"19392","LA SIERRA","COL-19392"
"19397","LA VEGA","COL-19397"
"19418","LOPEZ","COL-19418"
"19450","MERCADERES","COL-19450"
"19455","MIRANDA","COL-19455"
"19473","MORALES","COL-19473"
"19513","PADILLA","COL-19513"
"19517","PAEZ","COL-19517"
"19532","PATIA","COL-19532"
"19533","PIAMONTE","COL-19533"
"19548","PIENDAMO","COL-19548"
"19573","PUERTO TEJADA","COL-19573"
"19585","PURACE","COL-19585"
"19622","ROSAS","COL-19622"
"19693","SAN SEBASTIAN","COL-19693"
"19698","SANTANDER DE QUILICHAO","COL-19698"
"19701","SANTA ROSA","COL-19701"
"19743","SILVIA","COL-19743"
"19760","SOTARA","COL-19760"
"19780","SUAREZ","COL-19780"
"19785","SUCRE","COL-19785"
"19807","TIMBIO","COL-19807"
"19809","TIMBIQUI","COL-19809"
"19821","TORIBIO","COL-19821"
"19824","TOTORO","COL-19824"
"19845","VILLA RICA","COL-19845"
"20001","VALLEDUPAR","COL-20001"
"20011","AGUACHICA","COL-20011"
"20013","AGUSTIN CODAZZI","COL-20013"
"20032","ASTREA","COL-20032"
"20045","BECERRIL","COL-20045"
"20060","BOSCONIA","COL-20060"
"20175","CHIMICHAGUA","COL-20175"
"20178","CHIRIGUANA","COL-20178"
"20228","CURUMANI","COL-20228"
"20238","EL COPEY","COL-20238"
"20250","EL PASO","COL-20250"
"20295","GAMARRA","COL-20295"
"20310","GONZALEZ","COL-20310"
"20383","LA GLORIA","COL-20383"
"20400","LA JAGUA DE IBIRICO","COL-20400"
"20443","MANAURE","COL-20443"
"20517","PAILITAS","COL-20517"
"20550","PELAYA","COL-20550"
"20570","PUEBLO BELLO","COL-20570"
"20614","RIO DE ORO","COL-20614"
"20621","LA PAZ","COL-20621"
"20710","SAN ALBERTO","COL-20710"
"20750","SAN DIEGO","COL-20750"
"20770","SAN MARTIN","COL-20770"
"20787","TAMALAMEQUE","COL-20787"
"23001","MONTERIA","COL-23001"
"23068","AYAPEL","COL-23068"
"23079","BUENAVISTA","COL-23079"
"23090","CANALETE","COL-23090"
"23162","CERETE","COL-23162"
"23168","CHIMA","COL-23168"
"23182","CHINU","COL-23182"
"23189","CIENAGA DE ORO","COL-23189"
"23300","COTORRA","COL-23300"
"23350","LA APARTADA","COL-23350"
"23417","LORICA","COL-23417"
"23419","LOS CORDOBAS","COL-23419"
"23464","MOMIL","COL-23464"
"23466","MONTELIBANO","COL-23466"
"23500","MOÑITOS","COL-23500"
"23555","PLANETA RICA","COL-23555"
"23570","PUEBLO NUEVO","COL-23570"
"23574","PUERTO ESCONDIDO","COL-23574"
"23580","PUERTO LIBERTADOR","COL-23580"
"23586","PURISIMA","COL-23586"
"23660","SAHAGUN","COL-23660"
"23670","SAN ANDRES SOTAVENTO","COL-23670"
"23672","SAN ANTERO","COL-23672"
"23675","SAN BERNARDO DEL VIENTO","COL-23675"
"23678","SAN CARLOS","COL-23678"
"23682","SAN JOSE DE URE","COL-23682"
"23686","SAN PELAYO","COL-23686"
"23807","TIERRALTA","COL-23807"
"23815","TUCHIN","COL-23815"
"23855","VALENCIA","COL-23855"
"25001","AGUA DE DIOS","COL-25001"
"25019","ALBAN","COL-25019"
"25035","ANAPOIMA","COL-25035"
"25040","ANOLAIMA","COL-25040"
"25053","ARBELAEZ","COL-25053"
"25086","BELTRAN","COL-25086"
"25095","BITUIMA","COL-25095"
"25099","BOJACA","COL-25099"
"25120","CABRERA","COL-25120"
"25123","CACHIPAY","COL-25123"
"25126","CAJICA","COL-25126"
"25148","CAPARRAPI","COL-25148"
"25151","CAQUEZA","COL-25151"
"25154","CARMEN DE CARUPA","COL-25154"
"25168","CHAGUANI","COL-25168"
"25175","CHIA","COL-25175"
"25178","CHIPAQUE","COL-25178"
"25181","CHOACHI","COL-25181"
"25183","CHOCONTA","COL-25183"
"25200","COGUA","COL-25200"
"25214","COTA","COL-25214"
"25224","CUCUNUBA","COL-25224"
"25245","EL COLEGIO","COL-25245"
"25258","EL PEÑON","COL-25258"
"25260","EL ROSAL","COL-25260"
"25269","FACATATIVA","COL-25269"
"25279","FOMEQUE","COL-25279"
"25281","FOSCA","COL-25281"
"25286","FUNZA","COL-25286"
"25288","FUQUENE","COL-25288"
"25290","FUSAGASUGA","COL-25290"
"25293","GACHALA","COL-25293"
"25295","GACHANCIPA","COL-25295"
"25297","GACHETA","COL-25297"
"25299","GAMA","COL-25299"
"25307","GIRARDOT","COL-25307"
"25312","GRANADA","COL-25312"
"25317","GUACHETA","COL-25317"
"25320","GUADUAS","COL-25320"
"25322","GUASCA","COL-25322"
"25324","GUATAQUI","COL-25324"
"25326","GUATAVITA","COL-25326"
"25328","GUAYABAL DE SIQUIMA","COL-25328"
"25335","GUAYABETAL","COL-25335"
"25339","GUTIERREZ","COL-25339"
"25368","JERUSALEN","COL-25368"
"25372","JUNIN","COL-25372"
"25377","LA CALERA","COL-25377"
"25386","LA MESA","COL-25386"
"25394","LA PALMA","COL-25394"
"25398","LA PEÑA","COL-25398"
"25402","LA VEGA","COL-25402"
"25407","LENGUAZAQUE","COL-25407"
"25426","MACHETA","COL-25426"
"25430","MADRID","COL-25430"
"25436","MANTA","COL-25436"
"25438","MEDINA","COL-25438"
"25473","MOSQUERA","COL-25473"
"25483","NARIÑO","COL-25483"
"25486","NEMOCON","COL-25486"
"25488","NILO","COL-25488"
"25489","NIMAIMA","COL-25489"
"25491","NOCAIMA","COL-25491"
"25506","VENECIA","COL-25506"
"25513","PACHO","COL-25513"
"25518","PAIME","COL-25518"
"25524","PANDI","COL-25524"
"25530","PARATEBUENO","COL-25530"
"25535","PASCA","COL-25535"
"25572","PUERTO SALGAR","COL-25572"
"25580","PULI","COL-25580"
"25592","QUEBRADANEGRA","COL-25592"
"25594","QUETAME","COL-25594"
"25596","QUIPILE","COL-25596"
"25599","APULO","COL-25599"
"25612","RICAURTE","COL-25612"
"25645","SAN ANTONIO DE TEQUENDAMA","COL-25645"
"25649","SAN BERNARDO","COL-25649"
"25653","SAN CAYETANO","COL-25653"
"25658","SAN FRANCISCO","COL-25658"
"25662","SAN JUAN DE RIO SECO","COL-25662"
"25718","SASAIMA","COL-25718"
"25736","SESQUILE","COL-25736"
"25740","SIBATE","COL-25740"
"25743","SILVANIA","COL-25743"
"25745","SIMIJACA","COL-25745"
"25754","SOACHA","COL-25754"
"25758","SOPO","COL-25758"
"25769","SUBACHOQUE","COL-25769"
"25772","SUESCA","COL-25772"
"25777","SUPATA","COL-25777"
"25779","SUSA","COL-25779"
"25781","SUTATAUSA","COL-25781"
"25785","TABIO","COL-25785"
"25793","TAUSA","COL-25793"
"25797","TENA","COL-25797"
"25799","TENJO","COL-25799"
"25805","TIBACUY","COL-25805"
"25807","TIBIRITA","COL-25807"
"25815","TOCAIMA","COL-25815"
"25817","TOCANCIPA","COL-25817"
"25823","TOPAIPI","COL-25823"
"25839","UBALA","COL-25839"
"25841","UBAQUE","COL-25841"
"25843","UBATE","COL-25843"
"25845","UNE","COL-25845"
"25851","UTICA","COL-25851"
"25862","VERGARA","COL-25862"
"25867","VIANI","COL-25867"
"25871","VILLAGOMEZ","COL-25871"
"25873","VILLAPINZON","COL-25873"
"25875","VILLETA","COL-25875"
"25878","VIOTA","COL-25878"
"25885","YACOPI","COL-25885"
"25898","ZIPACON","COL-25898"
"25899","ZIPAQUIRA","COL-25899"
"27001","QUIBDO","COL-27001"
"27006","ACANDI","COL-27006"
"27025","ALTO BAUDO","COL-27025"
"27050","ATRATO","COL-27050"
"27073","BAGADO","COL-27073"
"27075","BAHIA SOLANO","COL-27075"
"27077","BAJO BAUDO","COL-27077"
"27099","BOJAYA","COL-27099"
"27135","CANTON DE SAN PABLO","COL-27135"
"27150","CARMEN DEL DARIEN","COL-27150"
"27160","CERTEGUI","COL-27160"
"27205","CONDOTO","COL-27205"
"27245","EL CARMEN DE ATRATO","COL-27245"
"27250","EL LITORAL DEL SAN JUAN","COL-27250"
"27361","ITSMINA","COL-27361"
"27372","JURADO","COL-27372"
"27413","LLORO","COL-27413"
"27425","MEDIO ATRATO","COL-27425"
"27430","MEDIO BAUDÓ","COL-27430"
"27450","MEDIO SAN JUAN","COL-27450"
"27491","NOVITA","COL-27491"
"27495","NUQUI","COL-27495"
"27580","RIO IRO","COL-27580"
"27600","RIO QUITO","COL-27600"
"27615","RIOSUCIO","COL-27615"
"27660","SAN JOSE DEL PALMAR","COL-27660"
"27745","SIPI","COL-27745"
"27787","TADO","COL-27787"
"27800","UNGUIA","COL-27800"
"27810","UNION PANAMERICANA","COL-27810"
"41001","NEIVA","COL-41001"
"41006","ACEVEDO","COL-41006"
"41013","AGRADO","COL-41013"
"41016","AIPE","COL-41016"
"41020","ALGECIRAS","COL-41020"
"41026","ALTAMIRA","COL-41026"
"41078","BARAYA","COL-41078"
"41132","CAMPOALEGRE","COL-41132"
"41206","COLOMBIA","COL-41206"
"41244","ELIAS","COL-41244"
"41298","GARZON","COL-41298"
"41306","GIGANTE","COL-41306"
"41319","GUADALUPE","COL-41319"
"41349","HOBO","COL-41349"
"41357","IQUIRA","COL-41357"
"41359","ISNOS","COL-41359"
"41378","LA ARGENTINA","COL-41378"
"41396","LA PLATA","COL-41396"
"41483","NATAGA","COL-41483"
"41503","OPORAPA","COL-41503"
"41518","PAICOL","COL-41518"
"41524","PALERMO","COL-41524"
"41530","PALESTINA","COL-41530"
"41548","PITAL","COL-41548"
"41551","PITALITO","COL-41551"
"41615","RIVERA","COL-41615"
"41660","SALADOBLANCO","COL-41660"
"41668","SAN AGUSTIN","COL-41668"
"41676","SANTA MARIA","COL-41676"
"41770","SUAZA","COL-41770"
"41791","TARQUI","COL-41791"
"41797","TESALIA","COL-41797"
"41799","TELLO","COL-41799"
"41801","TERUEL","COL-41801"
"41807","TIMANA","COL-41807"
"41872","VILLAVIEJA","COL-41872"
"41885","YAGUARA","COL-41885"
"44001","RIOHACHA","COL-44001"
"44035","ALBANIA","COL-44035"
"44078","BARRANCAS","COL-44078"
"44090","DIBULLA","COL-44090"
"44098","DISTRACCION","COL-44098"
"44110","EL MOLINO","COL-44110"
"44279","FONSECA","COL-44279"
"44378","HATONUEVO","COL-44378"
"44420","LA JAGUA DEL PILAR","COL-44420"
"44430","MAICAO","COL-44430"
"44560","MANAURE","COL-44560"
"44650","SAN JUAN DEL CESAR","COL-44650"
"44847","URIBIA","COL-44847"
"44855","URUMITA","COL-44855"
"44874","VILLANUEVA","COL-44874"
"47001","SANTA MARTA","COL-47001"
"47030","ALGARROBO","COL-47030"
"47053","ARACATACA","COL-47053"
"47058","ARIGUANI","COL-47058"
"47161","CERRO SAN ANTONIO","COL-47161"
"47170","CHIVOLO","COL-47170"
"47189","CIENAGA","COL-47189"
"47205","CONCORDIA","COL-47205"
"47245","EL BANCO","COL-47245"
"47258","EL PIÑON","COL-47258"
"47268","EL RETEN","COL-47268"
"47288","FUNDACION","COL-47288"
"47318","GUAMAL","COL-47318"
"47460","NUEVA GRANADA","COL-47460"
"47541","PEDRAZA","COL-47541"
"47545","PIJIÑO DEL CARMEN","COL-47545"
"47551","PIVIJAY","COL-47551"
"47555","PLATO","COL-47555"
"47570","PUEBLOVIEJO","COL-47570"
"47605","REMOLINO","COL-47605"
"47660","SABANAS DE SAN ANGEL","COL-47660"
"47675","SALAMINA","COL-47675"
"47692","SAN SEBASTIAN DE BUENAVISTA","COL-47692"
"47703","SAN ZENON","COL-47703"
"47707","SANTA ANA","COL-47707"
"47720","SANTA BARBARA DE PINTO","COL-47720"
"47745","SITIONUEVO","COL-47745"
"47798","TENERIFE","COL-47798"
"47960","ZAPAYAN","COL-47960"
"47980","ZONA BANANERA","COL-47980"
"50001","VILLAVICENCIO","COL-50001"
"50006","ACACIAS","COL-50006"
"50110","BARRANCA DE UPIA","COL-50110"
"50124","CABUYARO","COL-50124"
"50150","CASTILLA LA NUEVA","COL-50150"
"50223","CUBARRAL","COL-50223"
"50226","CUMARAL","COL-50226"
"50245","EL CALVARIO","COL-50245"
"50251","EL CASTILLO","COL-50251"
"50270","EL DORADO","COL-50270"
"50287","FUENTE DE ORO","COL-50287"
"50313","GRANADA","COL-50313"
"50318","GUAMAL","COL-50318"
"50325","MAPIRIPAN","COL-50325"
"50330","MESETAS","COL-50330"
"50350","LA MACARENA","COL-50350"
"50370","LA URIBE","COL-50370"
"50400","LEJANIAS","COL-50400"
"50450","PUERTO CONCORDIA","COL-50450"
"50568","PUERTO GAITAN","COL-50568"
"50573","PUERTO LOPEZ","COL-50573"
"50577","PUERTO LLERAS","COL-50577"
"50590","PUERTO RICO","COL-50590"
"50606","RESTREPO","COL-50606"
"50680","SAN CARLOS GUAROA","COL-50680"
"50683","SAN JUAN DE ARAMA","COL-50683"
"50686","SAN JUANITO","COL-50686"
"50689","SAN MARTIN","COL-50689"
"50711","VISTA HERMOSA","COL-50711"
"52001","PASTO","COL-52001"
"52019","ALBAN","COL-52019"
"52022","ALDANA","COL-52022"
"52036","ANCUYA","COL-52036"
"52051","ARBOLEDA","COL-52051"
"52079","BARBACOAS","COL-52079"
"52083","BELEN","COL-52083"
"52110","BUESACO","COL-52110"
"52203","COLON","COL-52203"
"52207","CONSACA","COL-52207"
"52210","CONTADERO","COL-52210"
"52215","CORDOBA","COL-52215"
"52224","CUASPUD","COL-52224"
"52227","CUMBAL","COL-52227"
"52233","CUMBITARA","COL-52233"
"52240","CHACHAGUI","COL-52240"
"52250","EL CHARCO","COL-52250"
"52254","EL PEÑOL","COL-52254"
"52256","EL ROSARIO","COL-52256"
"52258","EL TABLON DE GOMEZ","COL-52258"
"52260","EL TAMBO","COL-52260"
"52287","FUNES","COL-52287"
"52317","GUACHUCAL","COL-52317"
"52320","GUAITARILLA","COL-52320"
"52323","GUALMATAN","COL-52323"
"52352","ILES","COL-52352"
"52354","IMUES","COL-52354"
"52356","IPIALES","COL-52356"
"52378","LA CRUZ","COL-52378"
"52381","LA FLORIDA","COL-52381"
"52385","LA LLANADA","COL-52385"
"52390","LA TOLA","COL-52390"
"52399","LA UNION","COL-52399"
"52405","LEIVA","COL-52405"
"52411","LINARES","COL-52411"
"52418","LOS ANDES","COL-52418"
"52427","MAGUI","COL-52427"
"52435","MALLAMA","COL-52435"
"52473","MOSQUERA","COL-52473"
"52480","NARIÑO","COL-52480"
"52490","OLAYA HERRERA","COL-52490"
"52506","OSPINA","COL-52506"
"52520","FRANCISCO PIZARRO","COL-52520"
"52540","POLICARPA","COL-52540"
"52560","POTOSI","COL-52560"
"52565","PROVIDENCIA","COL-52565"
"52573","PUERRES","COL-52573"
"52585","PUPIALES","COL-52585"
"52612","RICAURTE","COL-52612"
"52621","ROBERTO PAYAN","COL-52621"
"52678","SAMANIEGO","COL-52678"
"52683","SANDONA","COL-52683"
"52685","SAN BERNARDO","COL-52685"
"52687","SAN LORENZO","COL-52687"
"52693","SAN PABLO","COL-52693"
"52694","SAN PEDRO DE CARTAGO","COL-52694"
"52696","SANTA BARBARA","COL-52696"
"52699","SANTACRUZ","COL-52699"
"52720","SAPUYES","COL-52720"
"52786","TAMINANGO","COL-52786"
"52788","TANGUA","COL-52788"
"52835","TUMACO","COL-52835"
"52838","TUQUERRES","COL-52838"
"52885","YACUANQUER","COL-52885"
"54001","CUCUTA","COL-54001"
"54003","ABREGO","COL-54003"
"54051","ARBOLEDAS","COL-54051"
"54099","BOCHALEMA","COL-54099"
"54109","BUCARASICA","COL-54109"
"54125","CACOTA","COL-54125"
"54128","CACHIRA","COL-54128"
"54172","CHINACOTA","COL-54172"
"54174","CHITAGA","COL-54174"
"54206","CONVENCION","COL-54206"
"54223","CUCUTILLA","COL-54223"
"54239","DURANIA","COL-54239"
"54245","EL CARMEN","COL-54245"
"54250","EL TARRA","COL-54250"
"54261","EL ZULIA","COL-54261"
"54313","GRAMALOTE","COL-54313"
"54344","HACARI","COL-54344"
"54347","HERRAN","COL-54347"
"54377","LABATECA","COL-54377"
"54385","LA ESPERANZA","COL-54385"
"54398","LA PLAYA","COL-54398"
"54405","LOS PATIOS","COL-54405"
"54418","LOURDES","COL-54418"
"54480","MUTISCUA","COL-54480"
"54498","OCAÑA","COL-54498"
"54518","PAMPLONA","COL-54518"
"54520","PAMPLONITA","COL-54520"
"54553","PUERTO SANTANDER","COL-54553"
"54599","RAGONVALIA","COL-54599"
"54660","SALAZAR","COL-54660"
"54670","SAN CALIXTO","COL-54670"
"54673","SAN CAYETANO","COL-54673"
"54680","SANTIAGO","COL-54680"
"54720","SARDINATA","COL-54720"
"54743","SILOS","COL-54743"
"54800","TEORAMA","COL-54800"
"54810","TIBU","COL-54810"
"54820","TOLEDO","COL-54820"
"54871","VILLA CARO","COL-54871"
"54874","VILLA DEL ROSARIO","COL-54874"
"63001","ARMENIA","COL-63001"
"63111","BUENAVISTA","COL-63111"
"63130","CALARCA","COL-63130"
"63190","CIRCASIA","COL-63190"
"63212","CORDOBA","COL-63212"
"63272","FILANDIA","COL-63272"
"63302","GENOVA","COL-63302"
"63401","LA TEBAIDA","COL-63401"
"63470","MONTENEGRO","COL-63470"
"63548","PIJAO","COL-63548"
"63594","QUIMBAYA","COL-63594"
"63690","SALENTO","COL-63690"
"66001","PEREIRA","COL-66001"
"66045","APIA","COL-66045"
"66075","BALBOA","COL-66075"
"66088","BELEN DE UMBRIA","COL-66088"
"66170","DOS QUEBRADAS","COL-66170"
"66318","GUATICA","COL-66318"
"66383","LA CELIA","COL-66383"
"66400","LA VIRGINIA","COL-66400"
"66440","MARSELLA","COL-66440"
"66456","MISTRATO","COL-66456"
"66572","PUEBLO RICO","COL-66572"
"66594","QUINCHIA","COL-66594"
"66682","SANTA ROSA DE CABAL","COL-66682"
"66687","SANTUARIO","COL-66687"
"68001","BUCARAMANGA","COL-68001"
"68013","AGUADA","COL-68013"
"68020","ALBANIA","COL-68020"
"68051","ARATOCA","COL-68051"
"68077","BARBOSA","COL-68077"
"68079","BARICHARA","COL-68079"
"68081","BARRANCABERMEJA","COL-68081"
"68092","BETULIA","COL-68092"
"68101","BOLIVAR","COL-68101"
"68121","CABRERA","COL-68121"
"68132","CALIFORNIA","COL-68132"
"68147","CAPITANEJO","COL-68147"
"68152","CARCASI","COL-68152"
"68160","CEPITA","COL-68160"
"68162","CERRITO","COL-68162"
"68167","CHARALA","COL-68167"
"68169","CHARTA","COL-68169"
"68176","CHIMA","COL-68176"
"68179","CHIPATA","COL-68179"
"68190","CIMITARRA","COL-68190"
"68207","CONCEPCION","COL-68207"
"68209","CONFINES","COL-68209"
"68211","CONTRATACION","COL-68211"
"68217","COROMORO","COL-68217"
"68229","CURITI","COL-68229"
"68235","EL CARMEN DE CHUCURI","COL-68235"
"68245","EL GUACAMAYO","COL-68245"
"68250","EL PEÑON","COL-68250"
"68255","EL PLAYON","COL-68255"
"68264","ENCINO","COL-68264"
"68266","ENCISO","COL-68266"
"68271","FLORIAN","COL-68271"
"68276","FLORIDABLANCA","COL-68276"
"68296","GALAN","COL-68296"
"68298","GAMBITA","COL-68298"
"68307","GIRON","COL-68307"
"68318","GUACA","COL-68318"
"68320","GUADALUPE","COL-68320"
"68322","GUAPOTA","COL-68322"
"68324","GUAVATA","COL-68324"
"68327","GUEPSA","COL-68327"
"68344","HATO","COL-68344"
"68368","JESUS MARIA","COL-68368"
"68370","JORDAN","COL-68370"
"68377","LA BELLEZA","COL-68377"
"68385","LANDAZURI","COL-68385"
"68397","LA PAZ","COL-68397"
"68406","LEBRIJA","COL-68406"
"68418","LOS SANTOS","COL-68418"
"68425","MACARAVITA","COL-68425"
"68432","MALAGA","COL-68432"
"68444","MATANZA","COL-68444"
"68464","MOGOTES","COL-68464"
"68468","MOLAGAVITA","COL-68468"
"68498","OCAMONTE","COL-68498"
"68500","OIBA","COL-68500"
"68502","ONZAGA","COL-68502"
"68522","PALMAR","COL-68522"
"68524","PALMAS DEL SOCORRO","COL-68524"
"68533","PARAMO","COL-68533"
"68547","PIEDECUESTA","COL-68547"
"68549","PINCHOTE","COL-68549"
"68572","PUENTE NACIONAL","COL-68572"
"68573","PUERTO PARRA","COL-68573"
"68575","PUERTO WILCHES","COL-68575"
"68615","RIONEGRO","COL-68615"
"68655","SABANA DE TORRES","COL-68655"
"68669","SAN ANDRES","COL-68669"
"68673","SAN BENITO","COL-68673"
"68679","SAN GIL","COL-68679"
"68682","SAN JOAQUIN","COL-68682"
"68684","SAN JOSE DE MIRANDA","COL-68684"
"68686","SAN MIGUEL","COL-68686"
"68689","SAN VICENTE DE CHUCURI","COL-68689"
"68705","SANTA BARBARA","COL-68705"
"68720","SANTA HELENA DEL OPON","COL-68720"
"68745","SIMACOTA","COL-68745"
"68755","SOCORRO","COL-68755"
"68770","SUAITA","COL-68770"
"68773","SUCRE","COL-68773"
"68780","SURATA","COL-68780"
"68820","TONA","COL-68820"
"68855","VALLE DE SAN JOSE","COL-68855"
"68861","VELEZ","COL-68861"
"68867","VETAS","COL-68867"
"68872","VILLANUEVA","COL-68872"
"68895","ZAPATOCA","COL-68895"
"70001","SINCELEJO","COL-70001"
"70110","BUENAVISTA","COL-70110"
"70124","CAIMITO","COL-70124"
"70204","COLOSO","COL-70204"
"70215","COROZAL","COL-70215"
"70221","COVEÑAS","COL-70221"
"70230","CHALAN","COL-70230"
"70233","EL ROBLE","COL-70233"
"70235","GALERAS","COL-70235"
"70265","GUARANDA","COL-70265"
"70400","LA UNION","COL-70400"
"70418","LOS PALMITOS","COL-70418"
"70429","MAJAGUAL","COL-70429"
"70473","MORROA","COL-70473"
"70508","OVEJAS","COL-70508"
"70523","PALMITO","COL-70523"
"70670","SAMPUES","COL-70670"
"70678","SAN BENITO ABAD","COL-70678"
"70702","SAN JUAN BETULIA","COL-70702"
"70708","SAN MARCOS","COL-70708"
"70713","SAN ONOFRE","COL-70713"
"70717","SAN PEDRO","COL-70717"
"70742","SINCE","COL-70742"
"70771","SUCRE","COL-70771"
"70820","SANTIAGO DE TOLU","COL-70820"
"70823","TOLU VIEJO","COL-70823"
"73001","IBAGUE","COL-73001"
"73024","ALPUJARRA","COL-73024"
"73026","ALVARADO","COL-73026"
"73030","AMBALEMA","COL-73030"
"73043","ANZOATEGUI","COL-73043"
"73055","ARMERO GUAYABAL","COL-73055"
"73067","ATACO","COL-73067"
"73124","CAJAMARCA","COL-73124"
"73148","CARMEN DE APICALA","COL-73148"
"73152","CASABIANCA","COL-73152"
"73168","CHAPARRAL","COL-73168"
"73200","COELLO","COL-73200"
"73217","COYAIMA","COL-73217"
"73226","CUNDAY","COL-73226"
"73236","DOLORES","COL-73236"
"73268","ESPINAL","COL-73268"
"73270","FALAN","COL-73270"
"73275","FLANDES","COL-73275"
"73283","FRESNO","COL-73283"
"73319","GUAMO","COL-73319"
"73347","HERVEO","COL-73347"
"73349","HONDA","COL-73349"
"73352","ICONONZO","COL-73352"
"73408","LERIDA","COL-73408"
"73411","LIBANO","COL-73411"
"73443","MARIQUITA","COL-73443"
"73449","MELGAR","COL-73449"
"73461","MURILLO","COL-73461"
"73483","NATAGAIMA","COL-73483"
"73504","ORTEGA","COL-73504"
"73520","PALOCABILDO","COL-73520"
"73547","PIEDRAS","COL-73547"
"73555","PLANADAS","COL-73555"
"73563","PRADO","COL-73563"
"73585","PURIFICACION","COL-73585"
"73616","RIOBLANCO","COL-73616"
"73622","RONCESVALLES","COL-73622"
"73624","ROVIRA","COL-73624"
"73671","SALDAÑA","COL-73671"
"73675","SAN ANTONIO","COL-73675"
"73678","SAN LUIS","COL-73678"
"73686","SANTA ISABEL","COL-73686"
"73770","SUAREZ","COL-73770"
"73854","VALLE DE SAN JUAN","COL-73854"
"73861","VENADILLO","COL-73861"
"73870","VILLAHERMOSA","COL-73870"
"73873","VILLARRICA","COL-73873"
"76001","CALI","COL-76001"
"76020","ALCALA","COL-76020"
"76036","ANDALUCIA","COL-76036"
"76041","ANSERMANUEVO","COL-76041"
"76054","ARGELIA","COL-76054"
"76100","BOLIVAR","COL-76100"
"76109","BUENAVENTURA","COL-76109"
"76111","BUGA","COL-76111"
"76113","BUGALAGRANDE","COL-76113"
"76122","CAICEDONIA","COL-76122"
"76126","CALIMA","COL-76126"
"76130","CANDELARIA","COL-76130"
"76147","CARTAGO","COL-76147"
"76233","DAGUA","COL-76233"
"76243","EL AGUILA","COL-76243"
"76246","EL CAIRO","COL-76246"
"76248","EL CERRITO","COL-76248"
"76250","EL DOVIO","COL-76250"
"76275","FLORIDA","COL-76275"
"76306","GINEBRA","COL-76306"
"76318","GUACARI","COL-76318"
"76364","JAMUNDI","COL-76364"
"76377","LA CUMBRE","COL-76377"
"76400","LA UNION","COL-76400"
"76403","LA VICTORIA","COL-76403"
"76497","OBANDO","COL-76497"
"76520","PALMIRA","COL-76520"
"76563","PRADERA","COL-76563"
"76606","RESTREPO","COL-76606"
"76616","RIOFRIO","COL-76616"
"76622","ROLDANILLO","COL-76622"
"76670","SAN PEDRO","COL-76670"
"76736","SEVILLA","COL-76736"
"76823","TORO","COL-76823"
"76828","TRUJILLO","COL-76828"
"76834","TULUA","COL-76834"
"76845","ULLOA","COL-76845"
"76863","VERSALLES","COL-76863"
"76869","VIJES","COL-76869"
"76890","YOTOCO","COL-76890"
"76892","YUMBO","COL-76892"
"76895","ZARZAL","COL-76895"
"81001","ARAUCA","COL-81001"
"81065","ARAUQUITA","COL-81065"
"81220","CRAVO NORTE","COL-81220"
"81300","FORTUL","COL-81300"
"81591","PUERTO RONDON","COL-81591"
"81736","SARAVENA","COL-81736"
"81794","TAME","COL-81794"
"85001","YOPAL","COL-85001"
"85010","AGUAZUL","COL-85010"
"85015","CHAMEZA","COL-85015"
"85125","HATO COROZAL","COL-85125"
"85136","LA SALINA","COL-85136"
"85139","MANI","COL-85139"
"85162","MONTERREY","COL-85162"
"85225","NUNCHIA","COL-85225"
"85230","OROCUE","COL-85230"
"85250","PAZ DE ARIPORO","COL-85250"
"85263","PORE","COL-85263"
"85279","RECETOR","COL-85279"
"85300","SABANALARGA","COL-85300"
"85315","SACAMA","COL-85315"
"85325","SAN LUIS DE PALENQUE","COL-85325"
"85400","TAMARA","COL-85400"
"85410","TAURAMENA","COL-85410"
"85430","TRINIDAD","COL-85430"
"85440","VILLANUEVA","COL-85440"
"86001","MOCOA","COL-86001"
"86219","COLON","COL-86219"
"86320","ORITO","COL-86320"
"86568","PUERTO ASIS","COL-86568"
"86569","PUERTO CAICEDO","COL-86569"
"86571","PUERTO GUZMAN","COL-86571"
"86573","LEGUIZAMO","COL-86573"
"86749","SIBUNDOY","COL-86749"
"86755","SAN FRANCISCO","COL-86755"
"86757","SAN MIGUEL","COL-86757"
"86760","SANTIAGO","COL-86760"
"86865","VALLE DEL GUAMUEZ","COL-86865"
"86885","VILLAGARZON","COL-86885"
"88001","SAN ANDRES","COL-88001"
"88564","PROVIDENCIA","COL-88564"
"91001","LETICIA","COL-91001"
"91263","EL ENCANTO","COL-91263"
"91405","LA CHORRERA","COL-91405"
"91407","LA PEDRERA","COL-91407"
"91430","LA VICTORIA","COL-91430"
"91460","MIRITI - PARANA","COL-91460"
"91530","PUERTO ALEGRIA","COL-91530"
"91536","PUERTO ARICA","COL-91536"
"91540","PUERTO NARIÑO","COL-91540"
"91669","PUERTO SANTANDER","COL-91669"
"91798","TARAPACA","COL-91798"
"94001","INIRIDA","COL-94001"
"94343","BARRANCO MINA","COL-94343"
"94663","MAPIRIPANA","COL-94663"
"94883","SAN FELIPE","COL-94883"
"94884","PUERTO COLOMBIA","COL-94884"
"94885","LA GUADALUPE","COL-94885"
"94886","CACAHUAL","COL-94886"
"94887","PANA PANA","COL-94887"
"94888","MORICHAL","COL-94888"
"95001","SAN JOSE DEL GUAVIARE","COL-95001"
"95015","CALAMAR","COL-95015"
"95025","EL RETORNO","COL-95025"
"95200","MIRAFLORES","COL-95200"
"97001","MITU","COL-97001"
"97161","CARURU","COL-97161"
"97511","PACOA","COL-97511"
"97666","TARAIRA","COL-97666"
"97777","PAPUNAHUA","COL-97777"
"97889","YAVARATE","COL-97889"
"99001","PUERTO CARREÑO","COL-99001"
"99524","LA PRIMAVERA","COL-99524"
"99624","SANTA ROSALIA","COL-99624"
"99773","CUMARIBO","COL-99773"
